Invoice,Order Date,Client,Client Name,Region,Total,COGS
INV-1,2025-01-01,K000,Client 0,North,426.68,256.01
INV-2,2025-01-02,K001,Client 1,South,305.59,183.35
INV-3,2025-01-03,K002,Client 2,West,655.65,393.39
INV-4,2025-01-04,K003,Client 3,North,250.71,150.43
INV-5,2025-01-05,K004,Client 4,South,575.12,345.07
INV-6,2025-01-06,K005,Client 5,West,455.98,273.59
INV-7,2025-01-07,K006,Client 6,North,240.6,144.36
INV-8,2025-01-08,K007,Client 7,South,555.21,333.13
INV-9,2025-01-09,K008,Client 8,West,226.25,135.75
INV-10,2025-01-10,K009,Client 9,North,503.55,302.13
INV-11,2025-01-11,K010,Client 10,South,248.9,149.34
INV-12,2025-01-12,K011,Client 11,West,263.5,158.1
INV-13,2025-01-13,K012,Client 12,North,497.16,298.3
INV-14,2025-01-14,K013,Client 13,South,778.8,467.28
INV-15,2025-01-15,K014,Client 14,West,286.66,172.0
INV-16,2025-01-16,K015,Client 15,North,356.27,213.76
INV-17,2025-01-17,K016,Client 16,South,639.2,383.52
INV-18,2025-01-18,K017,Client 17,West,863.4,518.04
INV-19,2025-01-19,K018,Client 18,North,603.97,362.38
INV-20,2025-01-20,K019,Client 19,South,477.68,286.61
INV-21,2025-01-21,K020,Client 20,West,883.38,530.03
INV-22,2025-01-22,K021,Client 21,North,232.61,139.57
INV-23,2025-01-23,K022,Client 22,South,800.93,480.56
INV-24,2025-01-24,K023,Client 23,West,402.73,241.64
INV-25,2025-01-25,K024,Client 24,North,300.98,180.59
INV-26,2025-01-26,K025,Client 25,South,282.45,169.47
INV-27,2025-01-27,K026,Client 26,West,415.94,249.56
INV-28,2025-01-01,K027,Client 27,North,771.29,462.77
INV-29,2025-01-02,K028,Client 28,South,326.51,195.91
INV-30,2025-01-03,K029,Client 29,West,607.12,364.27
INV-31,2025-02-01,K000,Client 0,North,647.24,388.34
INV-32,2025-02-02,K001,Client 1,South,460.68,276.41
INV-33,2025-02-03,K002,Client 2,West,583.42,350.05
INV-34,2025-02-04,K003,Client 3,North,243.95,146.37
INV-35,2025-02-05,K004,Client 4,South,241.72,145.03
INV-36,2025-02-06,K005,Client 5,West,344.17,206.5
INV-37,2025-02-07,K006,Client 6,North,676.28,405.77
INV-38,2025-02-08,K007,Client 7,South,499.31,299.59
INV-39,2025-02-09,K008,Client 8,West,419.9,251.94
INV-40,2025-02-10,K009,Client 9,North,609.89,365.93
INV-41,2025-02-11,K010,Client 10,South,517.23,310.34
INV-42,2025-02-12,K011,Client 11,West,409.84,245.9
INV-43,2025-02-13,K012,Client 12,North,756.07,453.64
INV-44,2025-02-14,K013,Client 13,South,689.3,413.58
INV-45,2025-02-15,K014,Client 14,West,370.87,222.52
INV-46,2025-02-16,K015,Client 15,North,602.1,361.26
INV-47,2025-02-17,K016,Client 16,South,567.64,340.58
INV-48,2025-02-18,K017,Client 17,West,812.6,487.56
INV-49,2025-02-19,K018,Client 18,North,710.61,426.37
INV-50,2025-02-20,K019,Client 19,South,401.56,240.94
INV-51,2025-02-21,K020,Client 20,West,886.12,531.67
INV-52,2025-02-22,K021,Client 21,North,282.65,169.59
INV-53,2025-02-23,K022,Client 22,South,492.69,295.61
INV-54,2025-02-24,K023,Client 23,West,730.0,438.0
INV-55,2025-02-25,K024,Client 24,North,306.39,183.83
INV-56,2025-02-26,K025,Client 25,South,542.27,325.36
INV-57,2025-02-27,K026,Client 26,West,227.45,136.47
INV-58,2025-02-01,K027,Client 27,North,667.75,400.65
INV-59,2025-02-02,K028,Client 28,South,735.2,441.12
INV-60,2025-02-03,K029,Client 29,West,601.12,360.67
INV-61,2025-03-01,K000,Client 0,North,812.83,487.7
INV-62,2025-03-02,K001,Client 1,South,419.62,251.77
INV-63,2025-03-03,K002,Client 2,West,686.71,412.03
INV-64,2025-03-04,K003,Client 3,North,616.06,369.64
INV-65,2025-03-05,K004,Client 4,South,605.93,363.56
INV-66,2025-03-06,K005,Client 5,West,519.34,311.6
INV-67,2025-03-07,K006,Client 6,North,787.98,472.79
INV-68,2025-03-08,K007,Client 7,South,861.28,516.77
INV-69,2025-03-09,K008,Client 8,West,531.87,319.12
INV-70,2025-03-10,K009,Client 9,North,664.91,398.95
INV-71,2025-03-11,K010,Client 10,South,242.47,145.48
INV-72,2025-03-12,K011,Client 11,West,691.04,414.62
INV-73,2025-03-13,K012,Client 12,North,652.99,391.79
INV-74,2025-03-14,K013,Client 13,South,895.17,537.1
INV-75,2025-03-15,K014,Client 14,West,775.35,465.21
INV-76,2025-03-16,K015,Client 15,North,399.22,239.53
INV-77,2025-03-17,K016,Client 16,South,470.05,282.03
INV-78,2025-03-18,K017,Client 17,West,668.06,400.84
INV-79,2025-03-19,K018,Client 18,North,215.79,129.47
INV-80,2025-03-20,K019,Client 19,South,523.19,313.91
INV-81,2025-03-21,K020,Client 20,West,317.63,190.58
INV-82,2025-03-22,K021,Client 21,North,281.97,169.18
INV-83,2025-03-23,K022,Client 22,South,241.27,144.76
INV-84,2025-03-24,K023,Client 23,West,737.76,442.66
INV-85,2025-03-25,K024,Client 24,North,290.54,174.32
INV-86,2025-03-26,K025,Client 25,South,373.33,224.0
INV-87,2025-03-27,K026,Client 26,West,473.66,284.2
INV-88,2025-03-01,K027,Client 27,North,810.0,486.0
INV-89,2025-03-02,K028,Client 28,South,256.41,153.85
INV-90,2025-03-03,K029,Client 29,West,514.43,308.66
INV-91,2025-04-01,K000,Client 0,North,584.61,350.77
INV-92,2025-04-02,K001,Client 1,South,818.37,491.02
INV-93,2025-04-03,K002,Client 2,West,773.5,464.1
INV-94,2025-04-04,K003,Client 3,North,804.79,482.87
INV-95,2025-04-05,K004,Client 4,South,394.89,236.93
INV-96,2025-04-06,K005,Client 5,West,490.71,294.43
INV-97,2025-04-07,K006,Client 6,North,451.14,270.68
INV-98,2025-04-08,K007,Client 7,South,818.93,491.36
INV-99,2025-04-09,K008,Client 8,West,870.41,522.25
INV-100,2025-04-10,K009,Client 9,North,305.64,183.38
INV-101,2025-04-11,K010,Client 10,South,323.35,194.01
INV-102,2025-04-12,K011,Client 11,West,362.37,217.42
INV-103,2025-04-13,K012,Client 12,North,363.34,218.0
INV-104,2025-04-14,K013,Client 13,South,539.47,323.68
INV-105,2025-04-15,K014,Client 14,West,612.39,367.43
INV-106,2025-04-16,K015,Client 15,North,383.92,230.35
INV-107,2025-04-17,K016,Client 16,South,202.87,121.72
INV-108,2025-04-18,K017,Client 17,West,493.26,295.96
INV-109,2025-04-19,K018,Client 18,North,458.48,275.09
INV-110,2025-04-20,K019,Client 19,South,596.44,357.86
INV-111,2025-04-21,K020,Client 20,West,867.17,520.3
INV-112,2025-04-22,K021,Client 21,North,683.35,410.01
INV-113,2025-04-23,K022,Client 22,South,560.84,336.5
INV-114,2025-04-24,K023,Client 23,West,632.31,379.39
INV-115,2025-04-25,K024,Client 24,North,673.34,404.0
INV-116,2025-04-26,K025,Client 25,South,237.8,142.68
INV-117,2025-04-27,K026,Client 26,West,829.67,497.8
INV-118,2025-04-01,K027,Client 27,North,745.98,447.59
INV-119,2025-04-02,K028,Client 28,South,812.16,487.3
INV-120,2025-04-03,K029,Client 29,West,758.51,455.11
INV-121,2025-05-01,K000,Client 0,North,474.67,284.8
INV-122,2025-05-02,K001,Client 1,South,479.29,287.57
INV-123,2025-05-03,K002,Client 2,West,272.48,163.49
INV-124,2025-05-04,K003,Client 3,North,644.0,386.4
INV-125,2025-05-05,K004,Client 4,South,243.57,146.14
INV-126,2025-05-06,K005,Client 5,West,247.14,148.28
INV-127,2025-05-07,K006,Client 6,North,346.13,207.68
INV-128,2025-05-08,K007,Client 7,South,313.61,188.17
INV-129,2025-05-09,K008,Client 8,West,438.04,262.82
INV-130,2025-05-10,K009,Client 9,North,236.8,142.08
INV-131,2025-05-11,K010,Client 10,South,200.16,120.1
INV-132,2025-05-12,K011,Client 11,West,305.89,183.53
INV-133,2025-05-13,K012,Client 12,North,271.03,162.62
INV-134,2025-05-14,K013,Client 13,South,454.53,272.72
INV-135,2025-05-15,K014,Client 14,West,217.85,130.71
INV-136,2025-05-16,K015,Client 15,North,812.03,487.22
INV-137,2025-05-17,K016,Client 16,South,629.85,377.91
INV-138,2025-05-18,K017,Client 17,West,303.99,182.39
INV-139,2025-05-19,K018,Client 18,North,376.58,225.95
INV-140,2025-05-20,K019,Client 19,South,443.17,265.9
INV-141,2025-05-21,K020,Client 20,West,454.91,272.95
INV-142,2025-05-22,K021,Client 21,North,285.99,171.59
INV-143,2025-05-23,K022,Client 22,South,794.26,476.56
INV-144,2025-05-24,K023,Client 23,West,895.17,537.1
INV-145,2025-05-25,K024,Client 24,North,526.19,315.71
INV-146,2025-05-26,K025,Client 25,South,538.68,323.21
INV-147,2025-05-27,K026,Client 26,West,260.12,156.07
INV-148,2025-05-01,K027,Client 27,North,271.53,162.92
INV-149,2025-05-02,K028,Client 28,South,439.85,263.91
INV-150,2025-05-03,K029,Client 29,West,385.33,231.2
INV-151,2025-06-01,K000,Client 0,North,780.2,468.12
INV-152,2025-06-02,K001,Client 1,South,313.01,187.81
INV-153,2025-06-03,K002,Client 2,West,216.17,129.7
INV-154,2025-06-04,K003,Client 3,North,865.69,519.41
INV-155,2025-06-05,K004,Client 4,South,569.78,341.87
INV-156,2025-06-06,K005,Client 5,West,302.62,181.57
INV-157,2025-06-07,K006,Client 6,North,580.22,348.13
INV-158,2025-06-08,K007,Client 7,South,218.93,131.36
INV-159,2025-06-09,K008,Client 8,West,569.68,341.81
INV-160,2025-06-10,K009,Client 9,North,884.95,530.97
INV-161,2025-06-11,K010,Client 10,South,804.33,482.6
INV-162,2025-06-12,K011,Client 11,West,687.34,412.4
INV-163,2025-06-13,K012,Client 12,North,382.78,229.67
INV-164,2025-06-14,K013,Client 13,South,456.69,274.01
INV-165,2025-06-15,K014,Client 14,West,316.93,190.16
INV-166,2025-06-16,K015,Client 15,North,740.36,444.22
INV-167,2025-06-17,K016,Client 16,South,572.81,343.69
INV-168,2025-06-18,K017,Client 17,West,745.34,447.2
INV-169,2025-06-19,K018,Client 18,North,430.77,258.46
INV-170,2025-06-20,K019,Client 19,South,356.13,213.68
INV-171,2025-06-21,K020,Client 20,West,768.06,460.84
INV-172,2025-06-22,K021,Client 21,North,889.45,533.67
INV-173,2025-06-23,K022,Client 22,South,796.84,478.1
INV-174,2025-06-24,K023,Client 23,West,764.26,458.56
INV-175,2025-06-25,K024,Client 24,North,772.83,463.7
INV-176,2025-06-26,K025,Client 25,South,717.91,430.75
INV-177,2025-06-27,K026,Client 26,West,358.72,215.23
INV-178,2025-06-01,K027,Client 27,North,562.35,337.41
INV-179,2025-06-02,K028,Client 28,South,448.89,269.33
INV-180,2025-06-03,K029,Client 29,West,220.29,132.17
INV-181,2025-07-01,K000,Client 0,North,219.56,131.74
INV-182,2025-07-02,K001,Client 1,South,395.59,237.35
INV-183,2025-07-03,K002,Client 2,West,381.42,228.85
INV-184,2025-07-04,K003,Client 3,North,684.77,410.86
INV-185,2025-07-05,K004,Client 4,South,869.56,521.74
INV-186,2025-07-06,K005,Client 5,West,513.06,307.84
INV-187,2025-07-07,K006,Client 6,North,855.91,513.55
INV-188,2025-07-08,K007,Client 7,South,891.63,534.98
INV-189,2025-07-09,K008,Client 8,West,868.5,521.1
INV-190,2025-07-10,K009,Client 9,North,455.25,273.15
INV-191,2025-07-11,K010,Client 10,South,354.32,212.59
INV-192,2025-07-12,K011,Client 11,West,358.79,215.27
INV-193,2025-07-13,K012,Client 12,North,337.69,202.61
INV-194,2025-07-14,K013,Client 13,South,343.06,205.84
INV-195,2025-07-15,K014,Client 14,West,636.85,382.11
INV-196,2025-07-16,K015,Client 15,North,830.22,498.13
INV-197,2025-07-17,K016,Client 16,South,788.3,472.98
INV-198,2025-07-18,K017,Client 17,West,535.63,321.38
INV-199,2025-07-19,K018,Client 18,North,657.08,394.25
INV-200,2025-07-20,K019,Client 19,South,759.75,455.85
INV-201,2025-07-21,K020,Client 20,West,259.34,155.6
INV-202,2025-07-22,K021,Client 21,North,662.41,397.45
INV-203,2025-07-23,K022,Client 22,South,836.84,502.1
INV-204,2025-07-24,K023,Client 23,West,747.61,448.57
INV-205,2025-07-25,K024,Client 24,North,725.1,435.06
INV-206,2025-07-26,K025,Client 25,South,534.62,320.77
INV-207,2025-07-27,K026,Client 26,West,324.97,194.98
INV-208,2025-07-01,K027,Client 27,North,752.39,451.43
INV-209,2025-07-02,K028,Client 28,South,432.76,259.66
INV-210,2025-07-03,K029,Client 29,West,760.58,456.35
INV-211,2025-08-01,K000,Client 0,North,880.16,528.1
INV-212,2025-08-02,K001,Client 1,South,477.09,286.25
INV-213,2025-08-03,K002,Client 2,West,480.97,288.58
INV-214,2025-08-04,K003,Client 3,North,862.76,517.66
INV-215,2025-08-05,K004,Client 4,South,707.36,424.42
INV-216,2025-08-06,K005,Client 5,West,319.0,191.4
INV-217,2025-08-07,K006,Client 6,North,288.93,173.36
INV-218,2025-08-08,K007,Client 7,South,305.81,183.49
INV-219,2025-08-09,K008,Client 8,West,833.4,500.04
INV-220,2025-08-10,K009,Client 9,North,764.55,458.73
INV-221,2025-08-11,K010,Client 10,South,302.32,181.39
INV-222,2025-08-12,K011,Client 11,West,778.56,467.14
INV-223,2025-08-13,K012,Client 12,North,886.21,531.73
INV-224,2025-08-14,K013,Client 13,South,660.09,396.05
INV-225,2025-08-15,K014,Client 14,West,445.29,267.17
INV-226,2025-08-16,K015,Client 15,North,584.06,350.44
INV-227,2025-08-17,K016,Client 16,South,291.69,175.01
INV-228,2025-08-18,K017,Client 17,West,209.97,125.98
INV-229,2025-08-19,K018,Client 18,North,879.62,527.77
INV-230,2025-08-20,K019,Client 19,South,654.77,392.86
INV-231,2025-08-21,K020,Client 20,West,568.61,341.17
INV-232,2025-08-22,K021,Client 21,North,853.54,512.12
INV-233,2025-08-23,K022,Client 22,South,503.67,302.2
INV-234,2025-08-24,K023,Client 23,West,810.22,486.13
INV-235,2025-08-25,K024,Client 24,North,778.31,466.99
INV-236,2025-08-26,K025,Client 25,South,347.73,208.64
INV-237,2025-08-27,K026,Client 26,West,376.28,225.77
INV-238,2025-08-01,K027,Client 27,North,405.08,243.05
INV-239,2025-08-02,K028,Client 28,South,368.38,221.03
INV-240,2025-08-03,K029,Client 29,West,610.51,366.31
INV-241,2025-09-01,K000,Client 0,North,381.56,228.94
INV-242,2025-09-02,K001,Client 1,South,493.31,295.99
INV-243,2025-09-03,K002,Client 2,West,291.75,175.05
INV-244,2025-09-04,K003,Client 3,North,837.01,502.21
INV-245,2025-09-05,K004,Client 4,South,447.65,268.59
INV-246,2025-09-06,K005,Client 5,West,520.71,312.43
INV-247,2025-09-07,K006,Client 6,North,608.34,365.0
INV-248,2025-09-08,K007,Client 7,South,833.01,499.81
INV-249,2025-09-09,K008,Client 8,West,494.44,296.66
INV-250,2025-09-10,K009,Client 9,North,842.4,505.44
INV-251,2025-09-11,K010,Client 10,South,551.15,330.69
INV-252,2025-09-12,K011,Client 11,West,572.28,343.37
INV-253,2025-09-13,K012,Client 12,North,566.45,339.87
INV-254,2025-09-14,K013,Client 13,South,213.09,127.85
INV-255,2025-09-15,K014,Client 14,West,508.09,304.85
INV-256,2025-09-16,K015,Client 15,North,328.18,196.91
INV-257,2025-09-17,K016,Client 16,South,202.75,121.65
INV-258,2025-09-18,K017,Client 17,West,759.42,455.65
INV-259,2025-09-19,K018,Client 18,North,320.64,192.38
INV-260,2025-09-20,K019,Client 19,South,531.45,318.87
INV-261,2025-09-21,K020,Client 20,West,707.64,424.58
INV-262,2025-09-22,K021,Client 21,North,589.53,353.72
INV-263,2025-09-23,K022,Client 22,South,428.19,256.91
INV-264,2025-09-24,K023,Client 23,West,562.84,337.7
INV-265,2025-09-25,K024,Client 24,North,588.81,353.29
INV-266,2025-09-26,K025,Client 25,South,748.99,449.39
INV-267,2025-09-27,K026,Client 26,West,274.28,164.57
INV-268,2025-09-01,K027,Client 27,North,592.21,355.33
INV-269,2025-09-02,K028,Client 28,South,373.95,224.37
INV-270,2025-09-03,K029,Client 29,West,393.84,236.3
INV-271,2025-10-02,K001,Client 1,South,740.58,444.35
INV-272,2025-10-03,K002,Client 2,West,555.4,333.24
INV-273,2025-10-04,K003,Client 3,North,296.61,177.97
INV-274,2025-10-06,K005,Client 5,West,732.0,439.2
INV-275,2025-10-07,K006,Client 6,North,419.37,251.62
INV-276,2025-10-08,K007,Client 7,South,510.27,306.16
INV-277,2025-10-10,K009,Client 9,North,314.38,188.63
INV-278,2025-10-11,K010,Client 10,South,553.89,332.33
INV-279,2025-10-12,K011,Client 11,West,558.51,335.11
INV-280,2025-10-14,K013,Client 13,South,684.91,410.95
INV-281,2025-10-15,K014,Client 14,West,516.64,309.98
INV-282,2025-10-16,K015,Client 15,North,286.65,171.99
INV-283,2025-10-18,K017,Client 17,West,534.63,320.78
INV-284,2025-10-19,K018,Client 18,North,429.53,257.72
INV-285,2025-10-20,K019,Client 19,South,689.45,413.67
INV-286,2025-10-22,K021,Client 21,North,406.79,244.07
INV-287,2025-10-23,K022,Client 22,South,859.53,515.72
INV-288,2025-10-24,K023,Client 23,West,381.71,229.03
INV-289,2025-10-26,K025,Client 25,South,591.66,355.0
INV-290,2025-10-27,K026,Client 26,West,860.29,516.17
INV-291,2025-10-01,K027,Client 27,North,394.0,236.4
INV-292,2025-10-03,K029,Client 29,West,295.99,177.59
INV-293,2025-11-02,K001,Client 1,South,285.14,171.08
INV-294,2025-11-03,K002,Client 2,West,509.48,305.69
INV-295,2025-11-04,K003,Client 3,North,125.39,75.23
INV-296,2025-11-06,K005,Client 5,West,368.45,221.07
INV-297,2025-11-07,K006,Client 6,North,125.59,75.35
INV-298,2025-11-08,K007,Client 7,South,668.63,401.18
INV-299,2025-11-10,K009,Client 9,North,374.38,224.63
INV-300,2025-11-11,K010,Client 10,South,827.92,496.75
INV-301,2025-11-12,K011,Client 11,West,308.11,184.87
INV-302,2025-11-14,K013,Client 13,South,701.28,420.77
INV-303,2025-11-15,K014,Client 14,West,662.18,397.31
INV-304,2025-11-16,K015,Client 15,North,150.04,90.02
INV-305,2025-11-18,K017,Client 17,West,817.98,490.79
INV-306,2025-11-19,K018,Client 18,North,438.64,263.18
INV-307,2025-11-20,K019,Client 19,South,353.71,212.23
INV-308,2025-11-22,K021,Client 21,North,433.38,260.03
INV-309,2025-11-23,K022,Client 22,South,478.78,287.27
INV-310,2025-11-24,K023,Client 23,West,541.08,324.65
INV-311,2025-11-26,K025,Client 25,South,892.91,535.75
INV-312,2025-11-27,K026,Client 26,West,782.71,469.63
INV-313,2025-11-01,K027,Client 27,North,156.51,93.91
INV-314,2025-11-03,K029,Client 29,West,502.07,301.24
INV-315,2025-12-02,K001,Client 1,South,560.92,336.55
INV-316,2025-12-03,K002,Client 2,West,437.38,262.43
INV-317,2025-12-04,K003,Client 3,North,168.51,101.11
INV-318,2025-12-06,K005,Client 5,West,422.97,253.78
INV-319,2025-12-07,K006,Client 6,North,352.75,211.65
INV-320,2025-12-08,K007,Client 7,South,213.64,128.18
INV-321,2025-12-10,K009,Client 9,North,293.92,176.35
INV-322,2025-12-11,K010,Client 10,South,508.32,304.99
INV-323,2025-12-12,K011,Client 11,West,212.66,127.6
INV-324,2025-12-14,K013,Client 13,South,432.05,259.23
INV-325,2025-12-15,K014,Client 14,West,636.75,382.05
INV-326,2025-12-16,K015,Client 15,North,279.29,167.57
INV-327,2025-12-18,K017,Client 17,West,245.0,147.0
INV-328,2025-12-19,K018,Client 18,North,444.78,266.87
INV-329,2025-12-20,K019,Client 19,South,751.85,451.11
INV-330,2025-12-22,K021,Client 21,North,440.09,264.05
INV-331,2025-12-23,K022,Client 22,South,273.35,164.01
INV-332,2025-12-24,K023,Client 23,West,385.89,231.53
INV-333,2025-12-26,K025,Client 25,South,227.71,136.63
INV-334,2025-12-27,K026,Client 26,West,745.3,447.18
INV-335,2025-12-01,K027,Client 27,North,194.66,116.8
INV-336,2025-12-03,K029,Client 29,West,290.69,174.41
